price,area,stories,basement,bedrooms,parking,bathrooms,airconditioning
208500,8450,2,yes,3,2,3,yes
181500,9600,1,yes,3,2,2,yes
223500,11250,2,yes,3,2,3,yes
140000,9550,2,yes,3,3,2,yes
250000,14260,2,yes,4,3,3,yes
143000,14115,1.5,yes,1,2,2,yes
307000,10084,1,yes,3,2,3,yes
200000,10382,2,yes,3,2,3,yes
129900,6120,1.5,yes,2,2,2,yes
118000,7420,1.5,yes,2,1,2,yes
129500,11200,1,yes,3,1,2,yes
345000,11924,2,yes,4,3,4,yes
144000,12968,1,yes,2,1,2,yes
279500,10652,1,yes,3,3,2,yes
157000,10920,1,yes,2,1,2,yes
132000,6120,1.5,yes,2,2,1,yes
149000,11241,1,yes,2,2,2,yes
90000,10791,1,no,2,2,2,yes
159000,13695,1,yes,3,2,2,yes
139000,7560,1,yes,3,1,1,yes
325300,14215,2,yes,4,3,3,yes
139400,7449,1.5,yes,3,1,1,yes
230000,9742,1,yes,3,2,2,yes
129900,4224,1,yes,3,2,2,yes
154000,8246,1,yes,3,1,2,yes
256300,14230,1,yes,3,3,2,yes
134800,7200,1,yes,3,2,1,yes
306000,11478,1,yes,3,3,3,yes
207500,16321,1,yes,2,1,2,yes
68500,6324,1,yes,1,1,1,no
40000,8500,2,yes,3,1,1,no
149350,8544,1,yes,3,1,1,yes
179900,11049,1,yes,3,2,2,yes
165500,10552,1,yes,4,2,1,yes
277500,7313,1,yes,2,2,3,yes
309000,13418,2,yes,4,3,3,yes
145000,10859,1,yes,3,2,1,yes
153000,8532,1,yes,3,2,1,yes
109000,7922,1,yes,3,1,2,yes
82000,6040,1,no,2,0,2,no
160000,8658,1,yes,3,2,2,yes
170000,16905,1,yes,2,1,1,yes
144000,9180,NA,yes,2,2,2,yes
130250,9200,1,yes,3,1,2,yes
141000,7945,1,yes,3,1,2,yes
319900,7658,1,yes,2,2,3,yes
239686,12822,1.5,yes,1,2,2,yes
249700,11096,1,yes,3,3,2,yes
113000,4456,2,yes,2,0,2,yes
127000,7742,1,yes,3,1,2,yes
177000,13869,2,yes,3,2,2,yes
114500,6240,1.5,yes,3,2,1,yes
110000,8472,1,yes,2,2,2,no
385000,50271,1,yes,0,3,2,yes
130000,7134,NA,yes,3,2,1,yes
180500,10175,1,yes,3,2,2,yes
172500,2645,2,yes,3,2,3,yes
196500,11645,2,yes,3,2,2,yes
438780,13682,2,yes,3,3,3,yes
124900,7200,1,yes,2,1,1,yes
158000,13072,1,yes,3,2,2,yes
101000,7200,2.5,yes,3,1,1,no
202500,6442,1,yes,2,2,2,yes
140000,10300,2,yes,3,2,2,yes
219500,9375,2,yes,3,2,3,yes
317000,9591,2,yes,4,3,2,yes
180000,19900,1,yes,3,2,3,yes
226000,10665,1,yes,3,2,3,yes
80000,4608,1,yes,2,1,1,yes
225000,15593,1.5,yes,3,2,2,yes
244000,13651,1,yes,3,2,3,yes
129500,7599,1,yes,2,2,2,yes
185000,10141,2,yes,3,2,2,yes
144900,10200,1,yes,3,2,2,yes
107400,5790,2,yes,3,1,2,no
91000,1596,NA,yes,2,1,2,yes
135750,8475,1,yes,2,1,1,yes
127000,8635,1.5,yes,2,1,2,yes
136500,10778,1,yes,4,0,2,no
110000,10440,2,yes,2,2,1,yes
193500,13000,2,yes,4,1,2,yes
153500,4500,1,yes,2,2,3,yes
245000,10206,1,yes,3,3,2,yes
126500,8892,1,yes,3,2,1,yes
168500,8530,NA,yes,3,2,2,yes
260000,16059,2,yes,4,2,2,yes
174000,11911,2,yes,3,2,2,yes
164500,3951,2,yes,2,2,2,yes
85000,8470,1.5,yes,2,0,1,no
123600,8070,1,yes,3,0,2,yes
109900,7200,1,no,2,2,1,yes
98600,8500,1,yes,2,2,1,yes
163500,13360,1,yes,2,2,2,yes
133900,7200,2.5,yes,4,2,2,no
204750,9337,2,yes,3,2,3,yes
185000,9765,2,yes,3,2,2,yes
214000,10264,1,yes,3,2,2,yes
94750,10921,1,yes,3,1,2,yes
83000,10625,1,yes,2,1,1,no
128950,9320,1,yes,3,0,2,yes
205000,10603,1,yes,3,2,3,yes
178000,9206,2,yes,3,2,2,yes
118964,7018,1,no,4,2,2,yes
198900,10402,1,yes,3,3,2,yes
169500,7758,1.5,yes,4,1,1,yes
250000,9375,2,yes,3,2,2,yes
100000,10800,1,yes,2,1,1,yes
115000,6000,1,yes,2,1,1,yes
115000,8500,1.5,yes,3,0,2,no
190000,11751,1,yes,3,2,2,yes
136900,9525,1.5,yes,4,1,2,yes
180000,7750,NA,yes,3,2,2,yes
383970,9965,2,yes,4,3,3,yes
217000,21000,1,yes,3,2,3,yes
259500,7259,2,yes,3,1,3,yes
176000,3230,2,yes,2,2,2,yes
139000,11616,1,yes,3,1,1,yes
155000,8536,1,yes,2,2,1,yes
320000,12376,2,yes,5,3,4,yes
163990,8461,2,yes,3,2,2,yes
180000,21453,NA,yes,1,2,2,yes
100000,6060,1.5,yes,3,1,1,yes
136000,9464,1,yes,3,1,1,yes
153900,7892,1,yes,2,2,2,yes
181000,17043,1,yes,3,2,2,yes
84500,6780,1.5,yes,2,0,2,no
128000,4928,1,yes,2,2,2,yes
87000,4388,1.5,yes,3,0,1,yes
155000,7590,2,yes,3,2,1,yes
150000,8973,1,yes,3,2,1,yes
226000,14200,2,yes,4,2,2,yes
244000,12224,2,yes,3,2,3,yes
150750,7388,1,yes,3,2,2,yes
220000,6853,1,yes,2,2,3,yes
180000,10335,1,yes,3,2,2,yes
174000,10400,1,yes,3,2,2,yes
143000,10355,1,yes,3,1,2,yes
171000,11070,1,yes,5,3,3,yes
230000,9066,2,yes,3,3,2,yes
231500,15426,2,yes,3,2,3,yes
115000,10500,1,yes,3,0,1,yes
260000,11645,1,yes,3,2,3,yes
166000,8520,1.5,yes,4,2,2,yes
204000,10335,1,yes,3,2,3,yes
125000,9100,1,yes,6,2,3,yes
130000,2522,2,yes,3,2,2,yes
105000,6120,1,yes,2,1,2,yes
222500,9505,2,yes,3,2,2,yes
141000,7500,1,yes,3,0,2,yes
115000,6240,1.5,yes,3,1,1,yes
122000,10356,1,yes,3,2,1,yes
372402,13891,1,yes,2,3,3,yes
190000,14803,2,yes,4,2,2,yes
235000,13500,1,yes,1,2,2,yes
125000,11340,1,yes,4,1,1,yes
79000,9600,1.5,yes,2,0,1,no
109500,7200,1,no,2,2,1,yes
269500,12003,2,yes,4,3,2,yes
254900,12552,2,yes,3,2,2,yes
320000,19378,2,yes,4,2,3,yes
162500,11120,1,yes,3,2,2,yes
412500,13688,2,yes,3,3,3,yes
220000,12182,1,yes,3,2,2,yes
103200,5500,1.5,yes,1,0,1,yes
152000,5400,1,yes,3,1,2,yes
127500,10106,1.5,yes,4,0,3,yes
190000,10708,1,yes,2,1,2,yes
325624,10562,2,yes,3,3,2,yes
183500,8244,2,yes,3,2,2,yes
228000,16669,1,yes,2,2,2,yes
128500,12358,1.5,yes,2,2,1,yes
215000,31770,1,yes,3,2,2,yes
239000,5306,2,yes,2,2,3,yes
163000,10197,1,yes,3,2,2,yes
184000,12416,1,yes,3,2,3,yes
243000,12615,1,yes,4,2,3,yes
211000,10029,2,yes,4,2,2,yes
172500,13650,1.5,yes,4,2,3,yes
501837,17423,1,yes,1,3,3,yes
100000,8520,1,yes,2,2,1,yes
177000,2117,2,yes,3,2,2,yes
200100,7588,2,yes,4,1,1,yes
120000,9060,1,no,3,1,1,yes
200000,11426,1.5,yes,3,2,2,yes
127000,7438,1.5,yes,3,2,1,yes
475000,22950,2.5,yes,4,3,2,yes
173000,9947,NA,yes,3,2,3,yes
135000,10410,1.5,yes,3,1,2,yes
153337,7018,NA,yes,2,2,2,yes
286000,4923,1,yes,0,2,2,yes
315000,10570,2,yes,3,2,2,yes
184000,7472,2,yes,4,2,2,yes
192000,9017,1,yes,3,2,3,yes
130000,2522,2,yes,3,2,2,yes
127000,7180,1,yes,3,1,1,yes
148500,2280,2,yes,3,2,2,yes
311872,9416,1,yes,3,3,3,yes
235000,25419,2,yes,4,2,3,yes
104000,5520,2.5,yes,5,0,1,yes
274900,9591,1,yes,3,3,3,yes
140000,8546,1,yes,2,2,2,yes
171500,10125,1,yes,3,2,2,yes
112000,7000,1.5,yes,2,1,2,yes
149000,4438,1,yes,1,2,2,yes
110000,3500,1.5,yes,2,1,1,yes
180500,11851,1,yes,3,2,2,yes
143900,13673,1,yes,3,1,1,yes
141000,12493,1,yes,3,1,2,yes
277000,14364,2,yes,3,2,3,yes
145000,8250,1,yes,3,2,2,yes
98000,5604,1,yes,2,0,2,no
186000,10420,1,yes,3,2,2,yes
252678,8640,2,yes,3,2,3,yes
156000,13568,1,yes,3,2,1,yes
161750,10900,2,yes,3,1,1,yes
134450,10011,1,yes,2,1,1,yes
210000,8450,1,yes,3,2,3,yes
107000,9906,2,yes,3,1,1,no
311500,15660,1.5,yes,3,2,1,yes
167240,3010,1,yes,2,2,2,yes
204900,8990,1,yes,2,2,2,yes
200000,8068,2,yes,4,2,2,yes
179900,11475,2,yes,3,2,3,yes
97000,10500,1,yes,2,2,1,yes
386250,13472,1,yes,3,3,2,yes
112000,1680,2,yes,3,1,2,yes
290000,9950,2,yes,4,3,2,yes
106000,1869,2,yes,2,1,1,yes
125000,8521,1,yes,3,1,1,yes
192500,3182,1,yes,2,2,2,yes
148000,8760,1,yes,3,1,2,yes
403000,15138,2,yes,4,3,3,yes
94500,1680,2,yes,2,1,1,yes
128200,10650,1,yes,3,1,2,yes
216500,7851,2,yes,4,2,3,yes
89500,1680,2,yes,2,1,1,yes
185500,8773,1,yes,3,2,2,yes
194500,9453,2,yes,3,2,2,yes
318000,12030,1,yes,3,3,2,yes
113000,8741,1.5,yes,3,1,1,yes
262500,9000,1,yes,3,2,3,yes
110500,3880,1,yes,2,0,1,yes
79000,5000,1.5,yes,3,1,1,no
120000,10762,2,yes,3,1,1,yes
205000,8880,2,yes,3,2,3,yes
241500,10400,1,yes,3,2,2,yes
137000,9142,2,yes,4,1,2,no
140000,11310,1,yes,2,2,1,yes
180000,11317,2,yes,3,2,2,yes
277000,159000,1.5,yes,4,2,2,yes
76500,5350,1,yes,3,0,1,yes
235000,4750,1,yes,2,2,3,yes
173000,8366,2,yes,3,2,2,yes
158000,9350,NA,yes,3,1,2,yes
145000,8400,1,yes,3,1,2,yes
230000,8738,2,yes,4,2,2,yes
207500,8791,2,yes,3,2,2,yes
220000,8814,1,yes,3,2,3,yes
231500,12435,2,yes,3,2,2,yes
97000,12702,1,no,2,1,1,yes
176000,19296,NA,yes,3,2,2,yes
276000,9588,2,yes,3,3,2,yes
151000,8471,NA,yes,3,2,2,yes
130000,5500,1.5,yes,3,2,2,yes
73000,5232,1,yes,2,2,1,no
175500,12090,1,yes,3,2,2,yes
185000,11207,2,yes,3,2,3,yes
179500,8400,2.5,yes,4,1,2,yes
120500,6900,1,yes,2,1,1,yes
148000,7917,1,yes,3,1,2,yes
266000,10728,2,yes,3,3,2,yes
241500,39104,1,yes,2,2,2,yes
290000,11764,2,yes,4,3,2,yes
139000,9600,1,yes,3,1,3,yes
124500,8314,1,yes,2,1,1,yes
205000,7264,1.5,yes,3,2,2,no
201000,9196,1,yes,3,2,2,yes
141000,19138,1,yes,2,2,1,yes
415298,14450,1,yes,3,3,2,yes
192000,10005,2,yes,4,2,2,yes
228500,11287,2,yes,3,2,2,yes
185000,7200,1,yes,2,2,2,yes
207500,5063,1,yes,2,2,3,yes
244600,9612,1,yes,3,3,2,yes
179200,8012,1,yes,2,2,3,yes
164700,4251,2,yes,2,2,2,yes
159000,9786,1.5,yes,3,2,1,yes
88000,8125,1,yes,3,0,1,yes
122000,9819,1,yes,3,1,1,yes
153575,8730,2,yes,3,1,1,yes
233230,15611,2,yes,3,2,2,yes
135900,5687,2,yes,6,0,3,no
131000,11409,1.5,yes,3,1,1,yes
235000,16659,2,yes,3,2,3,yes
167000,9600,1,yes,3,2,2,yes
142500,7937,NA,yes,3,2,2,yes
152000,13710,1.5,yes,4,1,1,yes
239000,7399,2,yes,3,2,2,yes
175000,11700,2,yes,3,2,1,yes
158500,14000,1,yes,3,1,1,yes
157000,15750,1,yes,2,1,2,yes
267000,16226,2,yes,4,2,2,yes
205000,13704,1,yes,3,3,2,yes
149900,9800,1,yes,3,2,2,yes
295000,18386,2.5,yes,3,3,3,yes
305900,10386,1,yes,3,3,3,yes
225000,13474,2,yes,4,3,3,yes
89500,7920,1.5,yes,3,0,1,yes
82500,12342,1,yes,1,2,1,yes
360000,12378,1,yes,3,3,3,yes
165600,7685,2,yes,3,2,2,yes
132000,8000,1,yes,2,1,2,yes
119900,7800,1.5,yes,3,2,2,yes
375000,215245,1,yes,3,2,4,yes
178000,9600,2,yes,3,2,1,yes
188500,7795,2,yes,3,2,3,yes
260000,13005,2,yes,4,2,3,yes
270000,9000,2,yes,3,3,2,yes
260000,9900,2,yes,4,3,3,yes
187500,14115,NA,yes,3,2,3,yes
342643,16259,2,yes,4,3,3,yes
354000,12099,2,yes,4,3,3,yes
301000,10380,2,yes,4,2,3,yes
126175,5820,1,yes,3,1,2,yes
242000,11275,NA,yes,5,2,2,yes
87000,5000,1.5,yes,2,2,1,no
324000,10846,1,yes,1,2,3,yes
145250,11600,1,yes,3,1,1,yes
214500,11888,2.5,yes,5,2,2,no
78000,6402,2,yes,3,1,1,no
119000,10624,1,yes,6,1,2,yes
139000,8176,1,yes,3,1,2,yes
284000,10655,1,yes,3,3,3,yes
207000,8198,1,yes,2,2,3,yes
192000,9042,2,yes,3,2,3,yes
228950,164660,1.5,yes,3,2,4,yes
377426,14157,1,yes,3,3,3,yes
214000,9135,1,yes,3,2,3,yes
202500,14145,1,yes,3,2,3,yes
155000,12400,1,yes,3,1,1,yes
202900,14191,2,yes,4,2,2,yes
82000,8400,1,yes,2,1,1,yes
87500,8544,1,no,2,2,2,no
266000,8849,1,yes,2,2,2,yes
85000,2592,2,yes,3,1,1,yes
140200,6435,1.5,yes,3,1,1,yes
151500,12772,1,yes,2,1,1,yes
157500,17600,1,yes,3,2,3,yes
154000,2448,2,yes,2,2,3,yes
437154,20431,2,yes,4,3,3,yes
318061,7820,1,yes,2,2,2,yes
190000,5271,1,yes,2,2,2,yes
95000,9084,1.5,yes,3,1,1,no
105900,8520,1,yes,2,2,1,yes
140000,8400,1.5,yes,2,1,1,yes
177500,11249,1,yes,3,2,3,yes
173000,9248,1,yes,3,2,3,yes
134000,4224,1,yes,3,2,2,yes
130000,6930,NA,yes,3,1,1,yes
280000,12011,2,yes,3,2,3,yes
156000,7540,NA,yes,2,2,2,yes
145000,9144,1.5,yes,3,1,2,yes
198500,7301,NA,no,4,2,3,yes
118000,1680,2,yes,2,1,1,yes
190000,18800,2,yes,3,2,3,yes
147000,10690,2,yes,3,1,1,yes
159000,9500,1,yes,3,2,2,yes
165000,9150,NA,yes,3,1,1,yes
132000,7800,1,yes,2,1,1,yes
162000,9830,1,yes,3,2,2,yes
172400,8121,2,yes,3,2,2,yes
134432,17120,1.5,no,4,2,2,yes
125000,7175,1,yes,2,1,2,yes
123000,10634,1,yes,3,1,2,yes
219500,8200,2,yes,4,2,2,yes
61000,10020,1,yes,1,0,1,no
148000,8846,NA,yes,2,2,1,yes
340000,11143,2,yes,4,2,3,yes
394432,11394,1,yes,1,3,2,yes
179000,8123,2,yes,3,2,2,yes
127000,5000,1.5,yes,3,1,2,yes
187750,7200,1,yes,2,2,3,yes
213500,9245,2,yes,3,2,2,yes
76000,9000,1.5,yes,2,2,1,no
240000,53107,2,yes,3,2,3,yes
192000,3182,1,yes,2,2,2,yes
81000,8410,1.5,yes,5,0,1,yes
125000,7200,NA,yes,3,1,2,yes
191000,9382,1,yes,3,2,2,yes
426000,12474,2,yes,3,3,3,yes
119000,8405,1.5,yes,4,1,2,yes
215000,12209,2,yes,3,2,3,yes
106500,8339,1,no,3,1,1,yes
100000,7446,1,yes,2,0,1,yes
109000,10134,1.5,yes,2,1,1,yes
129000,9571,1,yes,3,1,2,yes
123000,7200,1,yes,2,2,1,yes
169500,7590,2,yes,4,1,2,yes
67000,8967,1,yes,2,1,1,yes
241000,8125,2,yes,2,2,3,yes
245500,14963,1,yes,1,2,2,yes
164990,8767,1,yes,3,2,2,yes
108000,10200,1,yes,2,1,1,yes
258000,12090,2,yes,4,2,2,yes
168000,10364,2,yes,3,2,2,yes
150000,9991,1,yes,3,2,3,yes
115000,10480,1.5,yes,3,1,1,yes
177000,15576,2,yes,4,1,2,yes
280000,14154,2,yes,3,3,2,yes
339750,10800,2,yes,3,3,3,yes
60000,9571,1,yes,3,1,1,yes
145000,34650,1,yes,3,2,2,no
222000,4403,1,yes,2,2,3,yes
115000,8960,1,yes,2,2,1,yes
228000,11228,2,yes,3,3,2,yes
181134,8899,1,yes,3,2,2,yes
149500,7844,2,yes,3,2,1,yes
239000,22420,2,yes,4,3,3,no
126000,8160,1.5,yes,3,1,2,no
142000,8450,1,yes,3,1,2,yes
206300,7060,NA,yes,2,4,4,yes
215000,16635,1,yes,3,2,2,yes
113000,21750,1,yes,2,2,1,yes
315000,9200,2,yes,4,3,3,yes
139000,9000,1,yes,2,1,2,yes
135000,3378,2,yes,3,1,1,yes
275000,12800,NA,yes,2,2,3,yes
109008,8593,1,yes,3,1,1,yes
195400,6762,1,yes,2,2,3,yes
175000,11457,1,yes,3,2,3,yes
85400,1680,2,yes,2,1,1,yes
79900,5586,1.5,yes,4,0,1,yes
122500,1920,2,yes,2,2,2,yes
181000,10839,2,yes,3,2,2,yes
81000,1890,NA,yes,1,0,2,yes
212000,10667,2,yes,3,2,3,yes
116000,4400,1.5,yes,2,2,1,yes
119000,6000,1.5,yes,2,1,1,yes
90350,4280,1,yes,2,1,1,no
110000,12354,1.5,yes,3,2,1,yes
555000,15431,1,yes,2,3,3,yes
118000,12108,1,yes,4,0,2,no
162900,6240,1.5,yes,3,2,2,yes
172500,3922,1,yes,2,3,2,yes
210000,8750,2,yes,4,2,3,yes
127500,9855,1,yes,3,2,1,yes
190000,16492,1,yes,2,2,2,yes
199900,11214,2,yes,4,2,2,yes
119500,8600,1.5,yes,3,1,2,yes
120000,6000,1.5,yes,2,1,1,yes
110000,5684,1,yes,2,1,1,yes
280000,70761,1,yes,2,2,3,yes
204000,9303,2,yes,3,2,3,yes
210000,9000,2,yes,3,2,2,yes
188000,9297,1,yes,4,2,4,yes
175500,9600,1,yes,3,2,1,yes
98000,4571,2,yes,4,3,1,no
256000,53227,1,yes,2,2,2,yes
161000,5100,2,yes,3,1,1,yes
110000,7015,1.5,yes,3,1,2,yes
263435,8004,2,yes,3,2,3,yes
155000,7200,2,yes,3,2,2,yes
62383,8281,1,yes,3,1,1,yes
188700,11988,2,yes,3,1,1,yes
124000,8430,1,yes,3,0,2,yes
178740,3072,1,yes,2,2,2,yes
167000,10628,1,yes,2,2,2,yes
146500,9480,2,yes,3,1,1,yes
250000,11428,1,yes,3,3,2,yes
187000,9291,2,yes,3,2,2,yes
212000,6820,1,yes,1,2,2,yes
190000,11952,2,yes,3,2,2,yes
148000,3675,NA,yes,2,2,2,yes
440000,14977,1,yes,2,3,3,yes
251000,5330,1,yes,2,2,3,yes
132500,8480,1,yes,2,2,2,yes
208900,13125,1,yes,3,2,3,yes
380000,13693,2,yes,3,3,2,yes
297000,10637,1,yes,3,3,3,yes
89471,5925,1,yes,2,2,1,yes
326000,16033,1,yes,3,3,3,yes
374000,11846,1,yes,2,3,3,yes
155000,2500,2,yes,4,1,2,yes
164000,4500,1,yes,2,2,3,yes
132500,7758,1,yes,3,1,2,yes
147000,9600,1,yes,3,1,1,yes
156000,10289,1,yes,3,2,2,yes
175000,12243,1,yes,3,2,2,yes
160000,10800,1.5,yes,3,2,2,no
86000,1526,NA,yes,1,1,2,yes
115000,2665,2,yes,3,1,1,yes
133000,9490,1.5,yes,3,1,2,yes
172785,15578,2,yes,3,2,2,yes
155000,7931,1,yes,3,1,1,yes
91300,5784,1,yes,2,1,1,yes
34900,7879,1,yes,2,0,1,no
430000,12692,1,yes,4,2,4,yes
184000,9120,1.5,yes,4,1,3,yes
130000,7800,1,yes,3,1,1,yes
120000,7535,1,yes,2,1,1,yes
113000,1890,2,yes,3,1,1,yes
226700,9803,2,yes,3,2,2,yes
140000,9170,1,yes,2,2,2,yes
289000,15602,1,yes,1,2,3,yes
147000,2308,2,yes,3,2,2,yes
124500,7596,2,yes,4,2,2,yes
215000,9554,2,yes,3,2,2,yes
208300,7862,1,yes,2,2,2,yes
161000,9600,2,yes,3,2,2,yes
124500,9600,1,yes,3,1,2,yes
164900,14559,1,yes,2,1,2,yes
202665,6792,1,yes,2,2,2,yes
129900,9100,1,yes,3,2,2,yes
134000,9187,1,yes,3,2,1,yes
96500,10594,1.5,yes,2,1,1,no
402861,12220,1,yes,3,3,3,yes
158000,10448,NA,yes,3,2,2,yes
265000,10208,2,yes,3,3,2,yes
211000,9531,2,yes,3,2,3,yes
234000,10918,2,yes,3,1,1,yes
106250,10800,2,no,3,0,2,no
150000,11988,1,yes,3,1,1,yes
159000,5000,1.5,yes,3,2,2,yes
184750,40094,2,yes,3,3,4,yes
315750,11787,2,yes,3,3,3,yes
176000,7500,1,yes,3,2,2,yes
132000,13300,1,yes,2,1,1,yes
446261,14948,2,yes,3,3,3,yes
86000,9098,1,yes,2,0,2,yes
200624,32668,1,yes,4,2,4,yes
175000,10200,NA,yes,3,2,3,yes
128000,6155,2,yes,3,2,2,yes
107500,7200,1,no,2,1,1,yes
39300,5000,1,no,1,0,1,no
178000,9056,2,yes,3,2,2,yes
107500,7000,2,yes,3,0,2,yes
188000,8924,2,yes,3,2,2,yes
111250,12735,1,yes,3,2,1,yes
158000,11553,1,yes,3,1,1,yes
272000,11423,1,yes,3,2,3,yes
315000,14601,1,yes,2,3,3,yes
248000,11000,2,yes,4,3,2,yes
213250,10140,1,yes,3,2,3,yes
133000,4058,NA,yes,1,1,2,yes
179665,17104,2,yes,3,2,3,yes
229000,13837,1.5,yes,4,3,2,yes
210000,8737,1.5,yes,3,2,1,yes
129500,7244,NA,yes,2,2,2,yes
125000,8235,1,yes,2,2,2,yes
263000,9375,2,yes,4,2,2,yes
140000,4043,1,yes,2,2,2,yes
112500,6000,1,yes,3,1,1,yes
255500,11146,1,yes,3,3,2,yes
108000,8777,1,no,2,2,2,yes
284000,10625,2,yes,3,3,3,yes
113000,6380,1.5,yes,2,1,1,yes
141000,14850,1,yes,2,1,2,yes
108000,11040,1.5,yes,3,1,1,yes
175000,21872,2,yes,3,2,2,yes
234000,3196,1,yes,2,2,2,yes
121500,11341,1,yes,3,2,2,yes
170000,10010,1,yes,2,2,2,yes
108000,13907,1,yes,3,0,2,yes
185000,21780,1.5,yes,4,2,2,yes
268000,13346,2,yes,4,2,3,yes
128000,6858,2,yes,4,1,2,no
325000,11198,2,yes,4,3,2,yes
214000,10171,1,yes,3,2,2,yes
316600,12327,1.5,yes,1,2,2,yes
135960,7032,NA,yes,2,2,2,yes
142600,13101,1,yes,6,2,2,yes
120000,7332,1,yes,2,1,2,yes
224500,13159,2,yes,3,2,2,yes
170000,9967,NA,yes,3,2,2,yes
139000,10500,NA,yes,3,1,1,yes
118500,8480,1.5,yes,2,1,1,yes
145000,6292,1.5,yes,3,1,2,yes
164500,11777,NA,yes,3,2,2,yes
146000,3604,2,yes,2,2,2,yes
131500,12150,1.5,yes,4,1,2,no
181900,14585,1,yes,3,2,1,yes
253293,12704,1,yes,3,3,2,yes
118500,11841,NA,yes,3,0,2,yes
325000,13500,2.5,yes,3,2,3,yes
133000,6120,1.5,yes,3,1,1,yes
369900,11443,1,yes,2,3,3,yes
130000,10267,1,yes,2,1,2,yes
137000,8740,NA,yes,2,2,2,yes
143000,25095,1,yes,1,1,3,yes
79500,9100,1,yes,2,1,1,yes
185900,8320,2,yes,3,2,2,yes
451950,13478,2,yes,3,3,3,yes
138000,6600,1,yes,2,2,2,yes
140000,4435,1,yes,1,2,2,yes
110000,7990,1,yes,3,1,1,yes
319000,11302,1,yes,3,3,3,yes
114504,3600,2,yes,3,1,1,no
194201,3922,1,yes,2,3,0,yes
217500,12984,1,yes,3,2,3,yes
151000,1950,2,yes,3,2,3,yes
275000,10927,2,yes,3,2,3,yes
141000,9000,1.5,yes,3,1,1,yes
220000,10041,2,yes,3,2,3,yes
151000,3182,2,yes,2,2,2,yes
221000,12803,1,yes,3,2,3,yes
205000,13600,2,yes,3,2,2,yes
152000,12464,1,yes,3,2,2,yes
225000,7800,2,yes,3,1,4,yes
359100,12168,2,yes,4,2,2,yes
118500,7943,1,yes,3,1,2,yes
313000,11050,2,yes,3,3,3,yes
148000,10395,NA,yes,3,2,2,yes
261500,11885,2,yes,3,2,3,yes
147000,8402,1,yes,3,0,1,yes
75500,1491,NA,yes,1,0,2,yes
137500,8800,NA,yes,3,2,2,yes
183200,7861,2,yes,3,2,3,yes
105500,7227,1.5,yes,2,2,1,yes
314813,11694,1,yes,3,3,2,yes
305000,12244,2,yes,4,3,3,yes
67000,8248,1,yes,2,0,2,no
240000,10800,2,yes,4,2,2,yes
135000,7064,1,yes,3,2,1,yes
168500,2117,2,yes,2,2,2,yes
165150,10400,2,yes,4,2,2,yes
160000,10000,1,yes,3,2,1,yes
139900,12342,1,yes,3,1,1,yes
153000,9600,NA,yes,3,1,2,yes
135000,11606,2,yes,5,2,1,yes
168500,9020,NA,yes,3,2,2,yes
124000,9000,2,yes,3,1,1,yes
209500,4590,1,yes,2,2,2,yes
82500,11900,1,yes,3,2,2,yes
139400,9250,1,yes,3,1,1,yes
144000,6979,NA,yes,0,2,2,yes
200000,10896,2.5,yes,8,0,2,yes
60000,6120,1,yes,1,0,1,no
93000,6000,1.5,yes,3,1,2,yes
85000,8777,1,yes,2,0,1,yes
264561,3982,1,yes,1,3,3,yes
274000,12677,1,yes,1,2,1,yes
226000,7050,2,yes,3,2,3,yes
345000,13860,NA,yes,4,2,3,yes
152000,10793,2,yes,4,2,2,yes
370878,9187,1,yes,2,3,3,yes
143250,10530,1,yes,3,2,2,yes
98300,7200,1,no,3,2,1,yes
155000,10452,1,yes,3,2,1,yes
155000,7700,2,yes,4,2,1,yes
84500,1936,NA,yes,1,0,2,yes
205950,8125,2,yes,3,2,2,yes
108000,9084,2,yes,4,1,2,yes
191000,8750,2,yes,2,2,2,yes
135000,10320,1.5,yes,3,1,1,yes
350000,10437,1,yes,2,3,3,yes
88000,1680,2,yes,3,1,1,yes
145500,10007,1,yes,3,1,2,yes
149000,7200,2,yes,3,1,1,yes
97500,17503,1.5,yes,3,1,1,yes
167000,9937,1,yes,3,2,2,yes
197900,12384,2,yes,3,2,2,yes
402000,46589,2,yes,4,3,3,yes
110000,13560,1,yes,2,2,2,yes
137500,10012,NA,yes,3,2,3,yes
423000,20896,1,yes,1,3,2,yes
230500,11194,2,yes,3,2,2,yes
129000,18450,2,yes,3,2,2,yes
193500,8125,1,yes,3,2,3,yes
168000,14175,1,yes,3,2,2,yes
137500,11600,1,yes,2,1,1,yes
173500,8633,2,yes,3,2,3,yes
103600,6629,2,yes,3,1,3,no
165000,11250,1,yes,3,2,2,yes
257500,14442,1,yes,3,2,3,yes
140000,9200,1,yes,3,1,2,yes
148500,2289,2,yes,3,2,2,yes
87000,9600,2,yes,4,3,3,no
109500,9022,1,yes,2,1,1,yes
372500,11844,1,yes,3,3,2,yes
128500,9945,1,yes,3,2,2,yes
143000,8012,1,yes,2,1,2,yes
159434,4500,1.5,yes,3,1,1,yes
173000,2887,1,yes,2,2,2,yes
285000,11248,1,yes,3,3,3,yes
221000,16770,2,yes,4,2,2,yes
207500,5062,2,yes,3,2,3,yes
227875,10207,2,yes,3,2,3,yes
148800,5105,2,yes,2,2,2,yes
392000,8089,1,yes,2,2,3,yes
194700,7577,1,yes,2,2,2,yes
141000,4426,1,yes,1,2,2,yes
755000,21535,2,yes,4,3,3,yes
335000,26178,2,yes,4,2,3,yes
108480,5400,1,yes,2,1,1,yes
141500,6120,1.5,yes,3,2,1,yes
176000,13811,1,yes,2,2,3,yes
89000,6000,1,yes,2,1,1,yes
123500,6420,1,yes,2,1,1,yes
138500,8450,1,yes,3,1,2,yes
196000,4282,1,yes,2,2,2,yes
312500,14331,1,yes,3,3,3,yes
140000,9600,1,yes,3,2,1,yes
361919,12438,2,yes,4,3,2,yes
140000,7630,2,yes,4,2,2,yes
213000,8400,1,yes,3,2,3,yes
55000,5600,2,no,3,0,2,no
302000,115149,1,yes,2,2,3,yes
254000,6240,1,yes,2,2,3,yes
179540,9018,2,yes,3,2,2,yes
109900,7162,1,yes,3,1,1,yes
52000,4130,1,yes,2,0,1,yes
102776,8712,1.5,yes,2,1,1,yes
189000,4671,1,yes,2,2,3,yes
129000,9873,1,yes,3,2,2,no
130500,13517,2,yes,3,2,2,yes
165000,10140,1,yes,3,2,2,yes
159500,10800,2,yes,3,2,1,yes
157000,10000,1,yes,3,2,1,yes
341000,10542,2,yes,3,3,3,yes
128500,9920,1,yes,3,1,1,yes
275000,6563,1,yes,2,2,3,yes
143000,4426,1,yes,1,2,2,yes
124500,8120,1,yes,3,2,1,yes
135000,8172,1.5,yes,4,1,2,yes
320000,13286,1,yes,3,3,3,yes
120500,6960,1,yes,3,2,1,yes
222000,21695,1,yes,3,2,3,yes
194500,7314,1,yes,2,2,3,yes
110000,11475,1,yes,4,3,3,yes
103000,6240,1.5,yes,2,2,1,yes
236500,5389,1,yes,2,2,3,yes
187500,9590,NA,yes,3,2,3,yes
222500,11404,2,yes,3,2,2,yes
131400,10000,1,yes,3,1,2,yes
108000,8978,1,yes,3,1,1,yes
163000,10800,2.5,yes,2,2,1,no
93500,8544,1,no,2,2,2,no
239900,10463,2,yes,3,3,2,yes
179000,10800,1,yes,3,0,6,yes
190000,9313,2,yes,3,2,2,yes
132000,9600,2,yes,2,2,2,yes
142000,6768,1,yes,3,1,2,yes
179000,8450,1,yes,3,2,2,yes
175000,12886,NA,yes,3,2,2,yes
180000,5395,1,yes,2,2,3,yes
299800,8963,2,yes,4,2,3,yes
236000,8795,2,yes,4,2,2,yes
265979,11700,2,yes,4,4,1,no
260400,10593,1,yes,3,2,3,yes
98000,8405,1.5,no,4,1,2,no
96500,8800,1.5,yes,3,0,1,yes
162000,7750,2,yes,3,2,2,yes
217000,9236,1,yes,3,2,3,yes
275500,10240,2,yes,3,3,2,yes
156000,7930,1,yes,3,2,2,yes
172500,3230,2,yes,3,2,2,yes
212000,10769,2,yes,3,2,2,yes
158900,11616,2,yes,3,2,2,yes
179400,2280,2,yes,3,2,2,yes
290000,12257,2,yes,4,3,2,yes
127500,9100,1,yes,2,1,1,yes
100000,6911,1,yes,2,2,1,yes
215200,8640,2,yes,3,2,2,yes
337000,9430,2,yes,3,3,3,yes
270000,9549,1,yes,2,2,2,yes
264132,14587,1,yes,2,2,2,yes
196500,10421,2,yes,3,2,2,yes
160000,12508,1.5,yes,4,1,3,yes
216837,9100,1,yes,3,2,2,yes
538000,53504,2,yes,4,3,4,yes
134900,7252,NA,yes,2,2,2,yes
102000,8877,1,yes,2,2,1,yes
107000,7819,NA,yes,3,2,2,yes
114500,10150,1,yes,2,1,1,yes
395000,14226,1,yes,3,3,2,yes
162000,4500,1,yes,2,2,3,yes
221500,11210,1,yes,3,3,2,yes
142500,13350,1,yes,3,2,2,yes
144000,8400,1,no,4,2,2,yes
135000,10530,NA,yes,2,2,2,yes
176000,7875,1,yes,3,2,2,yes
175900,7153,2,yes,3,2,2,yes
187100,16285,1,yes,3,2,2,yes
165500,9101,NA,yes,1,2,2,yes
128000,6300,2.5,yes,3,0,2,yes
161500,9790,1,yes,3,2,2,yes
139000,10800,1.5,yes,4,1,3,yes
233000,10142,2,yes,4,2,3,yes
107900,6000,1,yes,2,1,1,yes
187500,12205,2,yes,5,2,2,yes
160200,3182,1,yes,2,2,2,yes
146800,11333,NA,yes,3,2,2,yes
269790,9920,2,yes,3,2,3,yes
225000,9158,1,yes,3,2,2,yes
194500,10832,2,yes,3,2,2,yes
171000,8400,2,yes,3,2,2,yes
143500,8197,1,yes,3,2,1,yes
110000,7677,1,yes,2,1,1,yes
485000,13518,2,yes,4,3,3,yes
175000,7200,1.5,yes,3,1,2,yes
200000,12798,2,yes,4,2,3,yes
109900,4800,1,yes,2,2,2,yes
189000,8199,2,yes,3,2,3,yes
582933,13891,2,yes,4,3,3,yes
118000,9000,1,yes,2,1,1,yes
227680,12274,1,yes,3,2,2,yes
135500,9750,NA,yes,3,1,2,yes
223500,21384,2,yes,3,2,3,yes
159950,13400,NA,yes,3,2,2,yes
106000,8100,2.5,yes,2,2,2,no
181000,10140,1,yes,3,2,2,yes
144500,4438,1,yes,1,2,2,yes
55993,8712,1,yes,2,2,1,no
157900,9750,1,yes,4,1,1,yes
116000,8248,1.5,yes,3,1,1,yes
224900,12137,1,yes,3,2,2,yes
137000,11425,1,yes,2,1,1,yes
271000,13265,1,yes,3,3,3,yes
155000,8816,NA,yes,3,2,2,yes
224000,6371,1,yes,2,2,3,yes
183000,7226,2,yes,3,2,2,yes
93000,6000,1,yes,2,2,1,no
225000,12394,2,yes,3,2,2,yes
139500,9900,1.5,yes,3,1,2,yes
232600,11216,1,yes,3,2,2,yes
385000,14803,1,yes,2,3,3,yes
109500,6130,1.5,yes,2,0,2,yes
189000,8529,1,yes,3,2,2,yes
185000,28698,2,yes,3,2,2,yes
147400,2544,2,yes,2,2,2,yes
166000,11900,1,yes,3,2,2,yes
151000,3180,2,yes,2,2,2,yes
237000,9548,2,yes,3,2,3,yes
167000,10004,1,yes,3,2,1,yes
139950,7875,1,yes,3,2,2,yes
128000,9600,1,yes,2,2,2,yes
153500,8100,1,yes,2,2,2,yes
100000,1680,2,yes,2,1,2,yes
144000,9525,1,yes,3,1,1,yes
130500,11767,1.5,yes,3,1,1,yes
140000,12155,2,yes,4,1,2,no
157500,10440,2,yes,3,2,2,yes
174900,9020,NA,yes,3,2,2,yes
141000,8000,1,yes,6,0,2,no
153900,12665,1.5,yes,4,3,1,yes
171000,16647,NA,yes,3,2,3,yes
213000,9317,2,yes,3,2,3,yes
133500,15523,1,yes,3,1,2,yes
240000,45600,1.5,yes,5,2,3,yes
187000,9600,NA,yes,3,2,2,yes
131500,4435,1,yes,1,2,2,yes
215000,3196,1,yes,2,2,2,yes
164000,7128,2.5,yes,4,1,2,yes
158000,12095,NA,yes,3,2,1,yes
170000,17920,1,yes,3,2,2,yes
127000,6897,1,yes,3,1,2,yes
147000,10970,NA,yes,3,2,2,yes
174000,8125,2,yes,3,2,2,yes
152000,10400,1,yes,3,2,2,yes
250000,11029,2,yes,4,2,3,yes
189950,7642,1.5,yes,3,1,1,yes
131500,11625,1,yes,3,2,2,yes
152000,9672,1,yes,3,2,2,yes
132500,7931,1,yes,3,1,2,yes
250580,8640,1,yes,3,2,2,yes
148500,8750,1,yes,3,2,2,yes
248900,10656,1,yes,3,3,2,yes
129000,6970,1,yes,3,2,2,yes
169000,14762,2,no,2,2,2,yes
236000,9938,2,yes,3,2,3,yes
109500,6600,1,yes,2,1,1,no
200500,8750,2,yes,3,2,2,yes
116000,8892,1,yes,3,2,1,yes
133000,12144,1,yes,3,1,1,yes
66500,5720,1.5,yes,3,1,1,yes
303477,9000,2,yes,4,2,2,yes
132250,25286,1,yes,3,2,2,yes
350000,8834,2,yes,4,3,3,yes
148000,11782,NA,yes,3,2,2,yes
136500,7000,1,yes,3,1,2,yes
157000,7024,1,yes,2,2,2,yes
187500,13758,1.5,yes,3,2,2,yes
178000,9636,2,yes,3,2,2,yes
118500,6204,2.5,yes,5,1,2,no
100000,7150,1,yes,3,1,1,yes
328900,5119,1,yes,2,2,3,yes
145000,8393,1,yes,4,2,2,yes
135500,16466,1.5,yes,3,1,1,yes
268000,15865,1,yes,4,2,3,yes
149500,12160,1,yes,2,2,2,yes
122900,8064,1.5,yes,3,2,1,yes
172500,11184,2,yes,3,2,2,yes
154500,8414,1,yes,3,1,1,yes
165000,13284,1,yes,3,1,2,yes
118858,7018,1,no,4,2,2,yes
140000,7056,2,yes,4,2,2,yes
106500,8765,1,yes,2,1,1,no
142953,7018,2,no,6,2,2,yes
611657,12919,1,yes,2,3,3,yes
135000,6993,1,yes,3,1,1,yes
110000,7340,1,yes,2,1,1,yes
153000,8712,1,yes,2,1,2,yes
180000,7875,2,yes,3,2,2,yes
240000,14859,1,yes,3,3,2,yes
125500,6173,1,yes,3,1,1,yes
128000,9920,1,yes,3,1,2,yes
255000,13501,1,yes,3,3,3,yes
250000,11500,1.5,yes,3,1,1,yes
131000,8885,1,yes,2,2,2,yes
174000,12589,2,yes,3,2,2,yes
154300,11600,2,yes,5,2,2,yes
143500,9286,1,yes,3,1,1,yes
88000,6120,1,yes,3,1,1,no
145000,6270,2,yes,4,3,2,no
173733,3000,2,yes,2,2,2,yes
75000,2001,2,yes,3,1,1,yes
35311,9000,1,yes,1,1,1,no
135000,17140,1,yes,3,1,1,yes
238000,13125,2,yes,4,3,3,yes
176500,11029,1,yes,3,2,2,yes
201000,8462,2,yes,3,2,2,yes
145900,8777,1.5,yes,4,0,4,yes
169990,10237,1,yes,3,2,2,yes
193000,8012,1,yes,2,2,3,yes
207500,10240,1,yes,3,2,3,yes
175000,15611,1,yes,3,2,2,yes
285000,11999,2,yes,4,3,2,yes
176000,9900,2,yes,4,2,2,yes
236500,11838,1,yes,3,2,2,yes
222000,13006,2,yes,4,2,2,yes
201000,8925,1,yes,3,3,2,yes
117500,9100,1,yes,2,1,1,yes
320000,11670,1,yes,3,3,2,yes
190000,8487,1,yes,3,2,2,yes
242000,27650,1,yes,4,2,3,yes
79900,5825,1,yes,1,2,1,yes
184900,10083,1,yes,2,2,3,yes
253000,9675,2,yes,3,2,2,yes
239799,8760,2,yes,3,3,2,yes
244400,24090,2,yes,4,1,2,yes
150900,12640,1,yes,4,2,2,yes
214000,8755,2,yes,3,2,3,yes
150000,7711,1,yes,4,0,4,yes
143000,25000,1,yes,4,2,2,yes
137500,14375,NA,yes,3,2,1,yes
124900,8820,1.5,yes,2,2,1,yes
143000,8163,NA,yes,3,1,2,yes
270000,14536,1,yes,3,3,3,yes
192500,14006,2,yes,3,2,2,yes
197500,9360,1,yes,3,2,2,yes
129000,7200,1,yes,3,2,2,yes
119900,7800,1,yes,3,1,2,yes
133900,7200,NA,yes,2,1,1,yes
172000,11075,2,yes,4,2,2,yes
127500,9400,NA,yes,4,0,2,yes
145000,7136,2,yes,4,2,2,no
124000,1300,2,yes,2,2,1,yes
132000,7420,1,yes,3,2,1,yes
185000,8450,1,yes,3,2,3,yes
155000,2572,2,yes,3,2,3,yes
116500,7207,1,yes,2,0,2,yes
272000,12227,2,yes,4,2,3,yes
155000,2308,2,yes,3,2,3,yes
239000,11923,1,yes,2,2,2,yes
214900,11316,2,yes,4,2,3,yes
178900,10237,2,yes,3,2,2,yes
160000,9600,1.5,yes,2,1,2,yes
135000,7390,1,yes,3,1,2,yes
37900,5925,1.5,yes,2,0,1,no
140000,10382,NA,yes,2,1,2,yes
135000,10800,1.5,yes,4,0,1,no
173000,2268,2,yes,2,2,2,yes
99500,7892,1,yes,2,1,2,yes
182000,11639,1,yes,3,2,2,yes
167500,11414,2,yes,3,2,1,no
165000,2651,2,yes,3,2,3,yes
85500,5900,1,yes,2,0,1,yes
199900,4274,1,yes,1,2,2,yes
110000,9450,1,yes,3,2,1,yes
139000,8816,1,yes,3,2,2,yes
178400,12122,NA,yes,3,2,2,yes
336000,12203,2,yes,4,3,3,yes
159895,3182,1,yes,2,2,2,yes
255900,11250,2,yes,4,2,2,yes
126000,10125,1.5,no,4,2,2,yes
125000,10880,1,yes,3,1,2,no
117000,5310,1.5,yes,2,1,1,yes
395192,10159,1,yes,3,3,3,yes
195000,12046,2,yes,4,2,2,yes
197000,8125,2,yes,3,2,2,yes
348000,9452,2,yes,3,3,3,yes
168000,17671,2,yes,4,2,1,yes
187000,9760,2,yes,3,2,2,yes
173900,8846,2,yes,3,2,2,yes
337500,12456,1,yes,3,3,3,yes
121600,4712,1.5,yes,3,1,2,yes
136500,10659,1,yes,3,1,2,yes
185000,11717,1,yes,2,2,2,yes
91000,9786,1,yes,3,1,1,no
206000,6762,1,yes,2,2,3,yes
82000,10206,1,no,2,2,1,no
86000,5400,1,yes,2,1,1,yes
232000,11957,1,yes,3,3,2,yes
136905,11500,1,yes,4,2,2,yes
181000,3182,1,yes,1,2,2,yes
149900,8385,NA,yes,3,1,2,yes
163500,12155,1,yes,3,2,2,yes
88000,2217,2,yes,3,1,1,yes
240000,12118,1,yes,3,2,2,yes
102000,6000,1.5,yes,4,0,2,yes
135000,21286,1.5,yes,4,1,2,yes
100000,9825,1,no,4,0,2,no
165000,10592,2,yes,3,1,1,yes
85000,7200,1,yes,2,1,2,no
119200,11664,1,yes,2,1,1,yes
227000,8400,2,yes,3,2,3,yes
203000,11883,1,yes,3,2,3,yes
187500,5814,1,yes,1,2,2,yes
160000,10784,NA,yes,3,2,2,yes
213490,3013,1,yes,2,2,2,yes
176000,7024,1,yes,2,2,2,yes
194000,7406,1,yes,2,2,3,yes
87000,9439,1.5,yes,2,1,1,yes
191000,3182,1,yes,2,2,2,yes
287000,15498,1,yes,2,2,3,yes
112500,7700,1,yes,3,2,2,yes
167500,9300,1,yes,3,2,2,yes
293077,9520,1,yes,3,3,3,yes
105000,9492,1.5,yes,3,1,2,yes
118000,1680,2,yes,3,1,1,yes
160000,7082,2,yes,5,0,2,yes
197000,15863,2.5,yes,5,2,3,yes
310000,14541,2,yes,5,3,3,yes
230000,8125,1,yes,3,3,3,yes
119750,6305,1,yes,2,1,1,yes
84000,11500,1,no,3,1,1,no
315500,12898,1,yes,2,3,3,yes
287000,9240,2,yes,3,2,2,yes
97000,1533,2,yes,3,0,1,yes
80000,1477,NA,yes,1,1,2,yes
155000,13125,1,yes,3,2,3,yes
173000,9130,2,yes,4,2,1,yes
196000,5381,1,yes,1,2,3,yes
262280,11839,2,yes,4,2,3,yes
278000,9600,1,yes,4,2,3,yes
139600,13680,1,no,4,2,2,yes
556581,16056,2,yes,4,3,3,yes
145000,9245,1,yes,3,2,1,yes
115000,21750,1,no,3,2,1,yes
84900,11100,1,no,2,1,1,yes
176485,8993,1,yes,3,2,2,yes
200141,11175,1,yes,3,2,2,yes
165000,9500,2,yes,4,2,1,yes
144500,8562,1,yes,4,1,1,yes
255000,11367,2,yes,3,2,3,yes
180000,11361,1,yes,3,2,2,yes
185850,7052,1,yes,2,2,3,yes
248000,29959,2,yes,3,2,2,yes
335000,11308,2,yes,3,3,3,yes
220000,11275,1.5,yes,3,2,1,yes
213500,4920,1,yes,2,2,3,yes
81000,18000,1,yes,2,3,1,yes
90000,13600,2,yes,5,2,2,no
110500,6000,1,yes,2,2,1,yes
154000,11000,1,yes,3,2,1,yes
328000,14000,2,yes,3,2,3,yes
178000,7837,2,yes,3,2,2,yes
167900,9760,2,yes,4,2,2,yes
151400,3964,2,yes,5,2,3,yes
135000,9600,1.5,yes,2,2,1,yes
135000,10152,1,yes,3,1,2,yes
154000,11700,2,yes,4,2,1,yes
91500,7585,1.5,yes,4,1,2,yes
159500,7950,2,yes,3,2,1,yes
194000,8556,1,yes,2,3,2,yes
219500,13125,2,yes,3,1,1,yes
170000,10800,1.5,yes,3,2,2,yes
138800,15870,1,yes,3,1,2,yes
155900,4435,1,yes,1,2,2,yes
126000,8775,1,yes,3,1,1,yes
145000,11040,1,yes,3,2,2,yes
133000,7500,1,yes,3,1,2,yes
192000,8749,1,yes,3,2,2,yes
160000,8800,1,yes,3,1,2,yes
187500,13031,2,yes,3,2,2,yes
147000,9069,NA,yes,2,2,2,yes
83500,1974,2,yes,3,1,1,yes
252000,10574,2,yes,3,3,2,yes
137500,2522,2,yes,3,2,2,yes
197000,3316,1,yes,1,2,2,yes
92900,8544,1,no,2,2,2,no
160000,2160,2,yes,2,2,3,yes
136500,8400,1.5,yes,4,2,2,yes
146000,9230,1,yes,1,2,2,yes
129000,5868,1,yes,2,1,2,yes
176432,9317,1,yes,3,2,2,yes
127000,6882,2,yes,3,0,1,yes
170000,3696,1,yes,2,2,1,yes
128000,6000,1.5,yes,3,1,1,yes
157000,11880,1,yes,3,2,2,yes
60000,8400,1,yes,1,1,1,no
119500,9758,1,yes,3,1,1,yes
135000,7000,1,yes,2,1,1,yes
159500,8910,1,yes,3,2,1,yes
106000,2016,2,yes,3,2,2,yes
325000,12256,2,yes,3,2,3,yes
179900,10357,1,yes,3,2,3,yes
274725,23257,2,yes,3,2,2,yes
181000,8063,2,yes,3,2,2,yes
280000,11362,1,yes,3,3,3,yes
188000,8000,2,yes,3,2,3,yes
205000,10480,2,yes,4,2,2,yes
129900,7100,1,yes,2,1,2,yes
134500,8923,1,yes,2,1,2,yes
117000,5400,1,yes,2,1,1,yes
318000,12085,1,yes,3,3,3,yes
184100,7750,NA,yes,3,2,3,yes
130000,9764,1,yes,3,2,2,yes
140000,13825,NA,yes,3,1,1,yes
133700,7560,1,yes,3,1,1,yes
118400,8263,1,yes,2,1,1,yes
212900,10084,1,yes,3,3,2,yes
112000,8926,1,yes,3,1,1,yes
118000,9405,1,yes,2,0,1,yes
163900,9125,NA,yes,3,2,2,yes
115000,10434,1,yes,2,2,1,yes
174000,3684,1,yes,2,3,2,yes
259000,14572,1,yes,3,3,3,yes
215000,11796,2,yes,4,2,2,yes
140000,7200,NA,yes,2,2,2,yes
135000,7804,1.5,yes,4,2,3,yes
93500,10712,1,yes,3,0,1,yes
117500,9900,2,yes,5,1,2,yes
239500,9828,2,yes,3,2,2,yes
169000,8773,2,yes,3,2,2,yes
102000,6180,1,yes,2,1,1,no
119000,9600,1.5,yes,3,1,1,yes
94000,6342,1.5,yes,2,0,1,no
196000,9819,1,yes,2,2,3,yes
144000,8731,1,yes,3,2,1,yes
139000,7350,1,yes,2,2,2,yes
197500,10304,2,yes,4,2,3,yes
424870,9965,2,yes,4,3,4,yes
80000,9000,1,yes,3,0,1,yes
80000,12180,1.5,yes,2,1,2,no
149000,6240,1.5,yes,3,1,1,yes
180000,11200,1,yes,3,2,3,yes
174500,12000,2,yes,3,1,1,yes
116900,5700,1.5,yes,2,1,1,yes
143000,9000,2,yes,3,2,1,yes
124000,8280,1,yes,2,1,1,yes
149900,17755,1,yes,3,2,1,yes
230000,14115,1,yes,2,2,1,yes
120500,5890,1,yes,2,1,1,yes
201800,13700,2,yes,4,2,1,yes
218000,10768,1,yes,3,2,3,yes
179900,9350,NA,yes,3,2,2,yes
230000,5001,1,yes,2,2,3,yes
235128,11932,1,yes,3,3,2,yes
185000,9120,2,yes,4,2,2,yes
146000,2280,2,yes,3,2,2,yes
224000,14778,1,yes,3,2,2,yes
129000,8724,1,yes,3,2,1,yes
108959,12900,NA,yes,0,2,2,yes
194000,16157,NA,yes,2,2,2,yes
233170,9541,1,yes,3,2,2,yes
245350,10475,1,yes,3,3,2,yes
173000,10852,2,yes,3,2,3,yes
235000,13728,2,yes,4,2,2,yes
625000,35760,2,yes,4,3,4,yes
171000,9880,NA,yes,3,1,2,yes
163000,9120,1,yes,3,2,2,yes
171900,4017,2,yes,2,2,2,yes
200500,18030,1.5,yes,3,0,3,yes
239000,16560,2,yes,4,2,2,yes
285000,10678,1.5,yes,4,2,2,yes
119500,6951,1,yes,3,1,2,yes
115000,3950,1.5,yes,3,1,1,yes
154900,7681,1.5,yes,3,1,1,yes
93000,8335,1,no,3,0,1,yes
250000,11170,2,yes,4,2,2,yes
392500,5587,1,yes,2,2,3,yes
745000,15623,2,yes,4,3,4,yes
120000,10800,1,yes,2,2,2,yes
186700,35133,1,yes,3,3,2,yes
104900,9738,1.5,yes,4,1,2,yes
95000,10615,2,yes,3,2,3,yes
262000,12461,1,yes,2,3,3,yes
195000,8935,2,yes,3,2,2,yes
189000,7500,2,yes,3,2,2,yes
168000,32463,1,yes,3,4,2,yes
174000,2645,2,yes,2,2,2,yes
125000,9600,1.5,yes,3,1,1,yes
165000,4500,1,yes,2,2,3,yes
158000,9364,2,yes,4,1,1,yes
176000,8029,2,yes,3,2,2,yes
219210,14054,2,yes,4,3,2,yes
144000,8850,2.5,yes,3,1,1,yes
178000,9100,1,yes,3,2,2,yes
148000,11235,1,yes,3,2,1,yes
116050,9353,1,yes,3,1,1,yes
197900,10400,2,yes,3,2,2,yes
117000,6000,1.5,yes,3,1,2,yes
213000,9750,1,yes,3,2,2,yes
153500,10140,1,yes,3,2,2,yes
271900,14684,1,yes,3,3,2,yes
107000,8900,1,yes,2,1,2,yes
200000,9135,1,yes,3,2,3,yes
140000,7763,1,yes,3,2,2,yes
290000,10182,1,yes,3,2,3,yes
189000,11218,2,yes,3,2,2,yes
164000,12134,1.5,yes,4,2,2,yes
113000,9340,1,yes,2,1,2,yes
145000,10246,NA,yes,0,1,1,yes
134500,10205,NA,yes,3,1,2,yes
125000,7094,1,yes,3,1,1,yes
112000,8930,1.5,no,4,2,2,yes
229456,8640,1,yes,3,2,3,yes
80500,6240,1.5,no,2,0,1,no
91500,1680,2,yes,3,0,1,yes
115000,7800,1,yes,2,1,1,yes
134000,8250,1,yes,3,1,1,yes
143000,10496,1.5,yes,3,1,2,yes
137900,10680,1,yes,4,2,2,no
184000,15384,2,yes,3,2,3,yes
145000,10482,NA,yes,3,1,1,yes
214000,14598,2,yes,4,3,2,yes
147000,8872,1,yes,2,2,2,yes
367294,8769,1,yes,1,3,2,yes
127000,7910,NA,yes,4,1,2,yes
190000,18890,1.5,yes,4,2,2,yes
132500,7728,NA,yes,3,2,2,yes
101800,9842,1,no,2,2,2,yes
142000,12160,1,yes,3,2,2,yes
130000,8525,2,yes,4,0,1,no
138887,13132,2,yes,4,1,1,yes
175500,2628,2,yes,2,2,2,yes
195000,12393,2,yes,4,2,2,yes
142500,13072,1,yes,3,2,1,yes
265900,9037,1,yes,2,2,2,yes
224900,8158,2,yes,3,2,3,yes
248328,9849,1,yes,3,3,2,yes
170000,10625,NA,yes,3,2,3,yes
465000,13891,1,yes,2,3,3,yes
230000,11435,2,yes,3,2,1,yes
178000,12090,NA,yes,3,2,3,yes
186500,8125,2,yes,3,2,2,yes
169900,12328,NA,yes,3,3,2,yes
129500,9600,2.5,yes,3,2,1,no
119000,7200,1,yes,3,1,1,yes
244000,11160,1,yes,3,2,3,yes
171750,3136,1,yes,2,2,2,yes
130000,9858,1,yes,3,1,2,yes
294000,17542,2,yes,3,2,3,yes
165400,6931,2,yes,3,2,2,yes
127500,6240,1.5,yes,3,1,1,yes
301500,14303,1,yes,2,2,3,yes
99900,4060,1,yes,2,0,1,yes
190000,9587,NA,yes,2,2,3,yes
151000,9750,1,yes,3,2,2,yes
181000,24682,2,yes,3,2,2,yes
128900,9600,1,yes,2,1,1,yes
161500,11250,1.5,yes,5,1,2,yes
180500,13515,2,yes,3,2,1,yes
181000,4060,1,yes,2,2,3,yes
183900,3735,2,yes,3,2,3,yes
122000,10120,2.5,yes,4,1,1,no
378500,13214,1,yes,3,3,2,yes
381000,14100,1.5,yes,4,3,3,yes
144000,11344,1.5,yes,3,1,1,yes
260000,23595,1,yes,0,2,2,yes
185750,9156,1,yes,3,2,2,yes
137000,13526,1,yes,3,1,2,yes
177000,11512,NA,yes,2,1,2,yes
139000,5362,1.5,yes,3,2,2,yes
137000,11345,2,yes,4,2,2,yes
162000,12936,2,yes,3,2,1,yes
197900,17871,NA,yes,3,2,2,yes
237000,9473,2,yes,3,2,3,yes
68400,7500,1.5,yes,2,2,1,yes
227000,9808,1,yes,3,2,3,yes
180000,8049,1,yes,2,2,3,yes
150500,8800,1,yes,3,2,2,yes
139000,9400,2,yes,4,0,2,yes
169000,9638,1.5,yes,4,1,2,yes
132500,6000,1.5,yes,4,1,1,yes
143000,9790,1,yes,3,2,2,yes
190000,36500,1,yes,4,2,2,yes
278000,5664,1,yes,2,2,3,yes
281000,11065,2,yes,3,3,2,yes
180500,14112,NA,yes,3,2,2,yes
119500,1680,2,yes,3,1,2,yes
107500,6600,2,yes,4,1,2,no
162900,10140,2,yes,4,2,2,yes
115000,8172,1,yes,2,2,2,yes
138500,8400,1,yes,3,1,2,yes
155000,8700,1,yes,3,2,3,yes
140000,3675,NA,yes,2,2,3,yes
160000,63887,2,yes,3,2,4,yes
154000,7500,1,yes,3,1,2,yes
225000,10762,2,yes,3,2,2,yes
177500,7500,2,yes,3,1,1,yes
290000,10120,2,yes,4,3,3,yes
232000,8688,1,yes,3,3,2,yes
130000,3363,2,yes,3,2,2,yes
325000,13173,1,yes,2,2,3,yes
202500,6955,1,yes,2,2,2,yes
138000,8072,1,yes,3,2,2,yes
147000,12000,1,yes,2,2,2,yes
179200,7153,1,yes,3,2,3,yes
335000,17500,1,yes,3,2,3,yes
203000,8814,1,yes,3,2,3,yes
302000,9572,2,yes,4,2,2,yes
333168,14774,2,yes,4,3,2,yes
119000,8190,1,yes,3,1,2,yes
206900,11075,2,yes,4,2,2,yes
295493,10226,1,yes,3,3,3,yes
208900,4230,1,yes,2,2,2,yes
275000,14781,1,yes,3,3,2,yes
111000,10215,1,yes,3,1,1,yes
156500,8400,1,yes,3,2,2,yes
72500,6627,1,no,2,1,1,no
190000,10186,2,yes,3,2,3,yes
82500,5330,1,yes,2,0,1,yes
147000,9986,1,yes,2,3,2,yes
55000,3636,1,yes,2,0,1,no
79000,4270,1,yes,3,0,1,yes
130500,6600,1,yes,3,1,1,yes
256000,10440,1.5,yes,5,2,2,yes
176500,9084,2,yes,3,2,2,yes
227000,10000,1,yes,3,3,2,yes
132500,10780,NA,yes,3,2,1,yes
100000,8877,1,yes,2,1,2,yes
125500,7200,1.5,yes,2,1,1,yes
125000,2368,2,yes,3,2,1,yes
167900,9650,1,yes,2,2,2,yes
135000,9246,1,yes,4,2,2,yes
52500,4118,1,yes,2,0,1,no
200000,13450,2,yes,3,2,3,yes
128500,9560,1,yes,3,1,1,yes
123000,8294,1,yes,3,4,1,yes
155000,13695,1,yes,3,2,2,yes
228500,9375,2,yes,3,2,2,yes
177000,7558,1.5,yes,3,2,1,yes
155835,11103,2,yes,3,2,2,yes
108500,6000,1,yes,2,1,1,yes
262500,20781,1,yes,3,2,2,yes
283463,15306,1,yes,3,3,3,yes
215000,16196,1,yes,3,2,3,yes
122000,5250,2,yes,4,0,2,no
200000,11643,2,yes,6,4,3,yes
171000,9247,2,yes,4,2,1,yes
134900,6000,1.5,yes,2,2,1,yes
410000,14720,1.5,yes,4,3,3,yes
235000,10316,2,yes,3,3,3,yes
170000,10192,NA,yes,4,2,3,yes
110000,9477,1,yes,3,1,1,yes
149900,12537,1,yes,3,2,2,yes
177500,2117,2,yes,3,2,2,yes
315000,16737,1,yes,3,3,3,yes
189000,9842,2,yes,4,2,3,yes
260000,16158,1,yes,3,2,3,yes
104900,12513,1.5,yes,4,1,2,yes
156932,8499,2,yes,3,2,2,yes
144152,3180,2,yes,2,2,2,yes
216000,7500,2,yes,3,2,3,yes
193000,9179,2,yes,3,2,3,yes
127000,2665,2,yes,4,1,2,yes
144000,4435,1,yes,1,2,2,yes
232000,10635,1,yes,3,2,3,yes
105000,5400,1.5,yes,2,1,1,yes
165500,9600,NA,yes,3,1,2,yes
274300,9750,2,yes,3,2,3,yes
466500,11400,1,yes,2,3,3,yes
250000,10625,2,yes,3,3,2,yes
239000,10991,1,yes,3,3,2,yes
91000,6292,1,yes,2,1,1,no
117000,10998,1.5,yes,3,2,2,yes
83000,1953,2,yes,2,1,1,yes
167500,9735,NA,yes,3,2,2,yes
58500,8212,1,yes,2,1,2,no
237500,12925,1,yes,4,2,2,yes
157000,7200,2,yes,4,2,2,yes
112000,25339,1,yes,3,2,2,yes
105000,9060,1.5,yes,2,1,1,yes
125500,5436,1.5,yes,3,1,2,yes
250000,16692,2,yes,5,2,4,yes
136000,8520,1.5,yes,5,1,2,no
377500,14892,1,yes,3,3,3,yes
131000,6000,1.5,yes,3,2,1,yes
235000,9100,1,yes,3,2,3,yes
124000,8944,1,yes,4,3,2,yes
123000,7838,NA,yes,3,1,2,yes
163000,10800,1.5,yes,3,2,2,no
246578,4045,1,yes,2,3,3,yes
281213,12665,2,yes,4,3,2,yes
160000,57200,1,yes,3,2,2,yes
137500,6120,2,yes,4,1,1,yes
138000,7200,1.5,yes,3,1,2,yes
137450,6171,1.5,yes,3,1,2,yes
120000,6000,1.5,yes,3,1,1,yes
193000,7415,2,yes,3,2,3,yes
193879,6762,1,yes,2,2,2,yes
282922,15256,1,yes,3,3,3,yes
105000,10410,1.5,yes,3,3,1,yes
275000,3842,1,yes,2,2,3,yes
133000,8445,NA,yes,2,2,2,yes
112000,8780,1,yes,3,0,2,yes
125500,7740,2,yes,3,2,1,yes
215000,20544,2,yes,3,2,2,yes
230000,12420,2,yes,3,2,3,yes
140000,9600,1.5,yes,3,1,1,yes
90000,7200,1,no,2,2,2,no
257000,10994,1,yes,2,2,3,yes
207000,13053,1.5,yes,4,2,1,yes
175900,3635,1,yes,1,3,2,yes
122500,11340,2,yes,4,2,2,yes
340000,16545,2,yes,3,3,3,yes
124000,9204,1,yes,3,1,2,yes
223000,16381,1,yes,3,2,3,yes
179900,11700,2,yes,3,2,2,yes
127500,4043,1,yes,2,2,2,yes
136500,4435,1,yes,1,2,2,yes
274970,19690,NA,yes,4,2,2,yes
144000,9503,1,yes,2,1,2,yes
142000,10721,1,yes,3,2,1,yes
271000,10944,2,yes,3,2,3,yes
140000,10930,1.5,yes,3,1,2,yes
119000,7200,1,yes,2,1,2,yes
182900,12546,1,yes,3,2,2,yes
192140,21930,2,yes,4,2,2,yes
143750,4928,1,yes,2,2,2,yes
64500,10800,1,yes,4,1,2,yes
186500,10261,2,yes,3,2,3,yes
160000,17400,1,yes,3,2,3,yes
174000,8400,1,yes,3,2,2,yes
120500,9000,1,yes,3,2,1,yes
394617,12444,1,yes,2,3,3,yes
149700,7407,1,yes,2,2,2,yes
197000,11584,NA,yes,3,2,2,yes
191000,11526,2.5,yes,3,2,2,yes
149300,4426,1,yes,1,2,2,yes
310000,11003,2,yes,3,3,3,yes
121000,8854,1.5,yes,2,1,1,no
179600,8500,1,yes,3,2,2,yes
129000,8400,NA,yes,3,1,2,yes
157900,26142,1,yes,3,1,1,yes
240000,10000,2,yes,3,2,3,yes
112000,11767,2,yes,2,1,1,no
92000,1533,NA,yes,1,0,2,yes
136000,9000,2,yes,4,0,2,yes
287090,9262,1,yes,3,3,2,yes
145000,3675,NA,yes,2,2,2,yes
84500,17217,1,yes,3,0,1,yes
185000,7500,1,yes,2,2,3,yes
175000,7917,2,yes,3,2,2,yes
210000,13175,1,yes,3,2,3,yes
266500,9042,2,yes,4,1,2,yes
142125,9717,1,yes,2,1,2,yes
147500,9937,1,yes,3,1,2,yes
